"DESCRIPTION","DURATION IN MS","NAME","PARENT SUITE","START TIME","STATUS","STOP TIME","SUB SUITE","SUITE","TEST CLASS","TEST METHOD"
"","0","test_evidence_contains_raw_line","tests.rules","2026-06-17","passed","2026-06-17","TestIncidentAttributes","test_suspicious_sudo","",""
"","0","test_fires_at_threshold[2-True]","tests.rules","2026-06-17","passed","2026-06-17","TestThreshold","test_user_enumeration","",""
"","0","test_severity_is_high","tests.rules","2026-06-17","passed","2026-06-17","TestIncidentAttributes","test_web_scanner","",""
"","13","test_valid_line_parses_correctly[failed_password_valid_user]","tests.parsers","2026-06-17","passed","2026-06-17","","test_auth_parser","",""
"","0","test_per_protocol_threshold[2-1-2-False]","tests.rules","2026-06-17","passed","2026-06-17","TestThresholdEnforcement","test_cross_protocol","",""
"","0","test_critical_evidence_includes_all_evidence","tests.rules","2026-06-17","passed","2026-06-17","TestSuccessEscalation","test_web_brute_force","",""
"CRITICAL only when server returned 200; otherwise HIGH.","0","test_severity_depends_on_response_code[200-Severity.CRITICAL]","tests.rules","2026-06-17","passed","2026-06-17","","test_sql_injection","",""
"","0","test_no_filters_returns_all_events_in_ttl","tests.rules","2026-06-17","passed","2026-06-17","TestQuery","test_ip_tracker","",""
"","0","test_evidence_contains_raw_lines","tests.rules","2026-06-17","passed","2026-06-17","TestIncidentAttributes","test_user_enumeration","",""
"","0","test_fires_at_distinct_path_threshold[3-False]","tests.rules","2026-06-17","passed","2026-06-17","TestThreshold","test_web_scanner","",""
"","0","test_description_contains_path","tests.rules","2026-06-17","passed","2026-06-17","TestIncidentAttributes","test_path_traversal","",""
"","0","test_sql_injection_true_positive[union_select_nulls]","tests.rules","2026-06-17","passed","2026-06-17","","test_sql_injection","",""
"","0","test_mix_of_403_and_404_both_contribute","tests.rules","2026-06-17","passed","2026-06-17","TestThreshold","test_web_scanner","",""
"","0","test_all_events_evicted_leaves_empty_result","tests.rules","2026-06-17","passed","2026-06-17","TestEviction","test_ip_tracker","",""
"","0","test_403_triggers","tests.rules","2026-06-17","passed","2026-06-17","TestStatusCodeGating","test_web_scanner","",""
"","0","test_sql_injection_no_false_positive[name_obrien]","tests.rules","2026-06-17","passed","2026-06-17","","test_sql_injection","",""
"","0","test_rule_name","tests.rules","2026-06-17","passed","2026-06-17","TestIncidentAttributes","test_path_traversal","",""
"","0","test_sql_injection_no_false_positive[equality_without_or]","tests.rules","2026-06-17","passed","2026-06-17","","test_sql_injection","",""
"","0","test_post_200_after_failures_fires_critical","tests.rules","2026-06-17","passed","2026-06-17","TestSuccessEscalation","test_web_brute_force","",""
"","0","test_different_ips_tracked_independently","tests.rules","2026-06-17","passed","2026-06-17","TestThreshold","test_web_scanner","",""
"","0","test_success_with_no_prior_failures_is_silent","tests.rules","2026-06-17","passed","2026-06-17","TestSuccessEscalation","test_ssh_brute_force","",""
"","0","test_attempts_outside_window_not_counted","tests.rules","2026-06-17","passed","2026-06-17","TestWindow","test_user_enumeration","",""
"","0","test_valid_clf_line_parses_correctly[post_login_401]","tests.parsers","2026-06-17","passed","2026-06-17","","test_web_parser","",""
"","0","test_no_fire_with_only_web_failures","tests.rules","2026-06-17","passed","2026-06-17","TestSingleProtocol","test_cross_protocol","",""
"","0","test_valid_line_parses_correctly[accepted_publickey]","tests.parsers","2026-06-17","passed","2026-06-17","","test_auth_parser","",""
"","1","test_web_entries_are_ignored","tests.rules","2026-06-17","passed","2026-06-17","TestEntryGating","test_user_enumeration","",""
"","0","test_non_403_404_codes_are_ignored[302]","tests.rules","2026-06-17","passed","2026-06-17","TestStatusCodeGating","test_web_scanner","",""
"","0","test_non_403_404_codes_are_ignored[200]","tests.rules","2026-06-17","passed","2026-06-17","TestStatusCodeGating","test_web_scanner","",""
"","0","test_severity_is_high","tests.rules","2026-06-17","passed","2026-06-17","TestIncidentAttributes","test_rapid_request","",""
"SuspiciousSudoRule has no _alerted guard — fires on each match.","0","test_every_matching_entry_produces_an_incident","tests.rules","2026-06-17","passed","2026-06-17","TestStateless","test_suspicious_sudo","",""
"","0","test_non_sensitive_command_does_not_fire[/usr/bin/journalctl -u ssh]","tests.rules","2026-06-17","passed","2026-06-17","TestNonSensitiveCommands","test_suspicious_sudo","",""
"
AuthEntry.username can be None for malformed entries; the rule
stores '?' as a safe placeholder so the incident description is clean.
","0","test_none_username_stored_as_placeholder","tests.rules","2026-06-17","passed","2026-06-17","TestUsernameDeduplication","test_user_enumeration","",""
"","0","test_fires_at_distinct_path_threshold[7-True]","tests.rules","2026-06-17","passed","2026-06-17","TestThreshold","test_web_scanner","",""
"","0","test_sensitive_command_fires_critical[/bin/cat /etc/passwd]","tests.rules","2026-06-17","passed","2026-06-17","TestSensitiveTargets","test_suspicious_sudo","",""
"","0","test_auth_entries_are_ignored","tests.rules","2026-06-17","passed","2026-06-17","","test_web_scanner","",""
"","0","test_clean_path_does_not_fire[/api/users/1]","tests.rules","2026-06-17","passed","2026-06-17","TestCleanPaths","test_path_traversal","",""
"Subsequent failures beyond threshold must not produce duplicate HIGH alerts.","0","test_high_fires_exactly_once_per_ip","tests.rules","2026-06-17","passed","2026-06-17","TestThreshold","test_ssh_brute_force","",""
"","0","test_only_login_paths_are_tracked[/dashboard-False]","tests.rules","2026-06-17","passed","2026-06-17","TestPathFiltering","test_web_brute_force","",""
"","0","test_only_login_paths_are_tracked[/search-False]","tests.rules","2026-06-17","passed","2026-06-17","TestPathFiltering","test_web_brute_force","",""
"","1","test_combined_filters","tests.rules","2026-06-17","passed","2026-06-17","TestQuery","test_ip_tracker","",""
"","0","test_high_fires_at_threshold[2-False]","tests.rules","2026-06-17","passed","2026-06-17","TestThreshold","test_web_brute_force","",""
"","0","test_sensitive_command_fires_critical[/bin/ls .ssh/authorized_keys]","tests.rules","2026-06-17","passed","2026-06-17","TestSensitiveTargets","test_suspicious_sudo","",""
"","0","test_high_fires_at_threshold[4-True]","tests.rules","2026-06-17","passed","2026-06-17","TestThreshold","test_web_brute_force","",""
"","0","test_non_403_404_codes_are_ignored[301]","tests.rules","2026-06-17","passed","2026-06-17","TestStatusCodeGating","test_web_scanner","",""
"","0","test_malformed_line_logs_warning_and_is_skipped","tests.parsers","2026-06-17","passed","2026-06-17","","test_auth_parser","",""
"Events exactly at the window boundary (t_current - t_old == window) are retained.","0","test_requests_spanning_boundary_are_correctly_counted","tests.rules","2026-06-17","passed","2026-06-17","TestWindow","test_rapid_request","",""
"","1","test_plus_encoded_spaces_in_query_do_not_break_detection","tests.rules","2026-06-17","passed","2026-06-17","TestUrlDecoding","test_path_traversal","",""
"","0","test_non_403_404_codes_are_ignored[500]","tests.rules","2026-06-17","passed","2026-06-17","TestStatusCodeGating","test_web_scanner","",""
"","0","test_returns_empty_for_unknown_ip","tests.rules","2026-06-17","passed","2026-06-17","TestActiveFailureProtocols","test_ip_tracker","",""
"","1","test_404_triggers","tests.rules","2026-06-17","passed","2026-06-17","TestStatusCodeGating","test_web_scanner","",""
"","0","test_valid_clf_line_parses_correctly[url_with_spaces_sqli_payload]","tests.parsers","2026-06-17","passed","2026-06-17","","test_web_parser","",""
"","0","test_only_login_paths_are_tracked[/api/users-False]","tests.rules","2026-06-17","passed","2026-06-17","TestPathFiltering","test_web_brute_force","",""
"","0","test_sql_injection_true_positive[url_encoded_union_select]","tests.rules","2026-06-17","passed","2026-06-17","","test_sql_injection","",""
"","0","test_non_403_404_codes_are_ignored[201]","tests.rules","2026-06-17","passed","2026-06-17","TestStatusCodeGating","test_web_scanner","",""
"","0","test_clean_path_does_not_fire[/v2/endpoint]","tests.rules","2026-06-17","passed","2026-06-17","TestCleanPaths","test_path_traversal","",""
"","0","test_clean_path_does_not_fire[/admin/dashboard]","tests.rules","2026-06-17","passed","2026-06-17","TestCleanPaths","test_path_traversal","",""
"","0","test_web_entries_are_ignored_by_ssh_rule","tests.rules","2026-06-17","passed","2026-06-17","","test_ssh_brute_force","",""
"Same IP bursting two different endpoints produces two incidents.","0","test_fires_independently_per_endpoint","tests.rules","2026-06-17","passed","2026-06-17","TestEndpointIsolation","test_rapid_request","",""
"","0","test_rule_name","tests.rules","2026-06-17","passed","2026-06-17","TestIncidentAttributes","test_user_enumeration","",""
"","1","test_multiple_malformed_lines_are_each_logged","tests.parsers","2026-06-17","passed","2026-06-17","","test_auth_parser","",""
"","0","test_description_mentions_username_command_and_target","tests.rules","2026-06-17","passed","2026-06-17","TestIncidentAttributes","test_suspicious_sudo","",""
"","0","test_traversal_fires_high[/../../../etc/hosts-]","tests.rules","2026-06-17","passed","2026-06-17","TestTraversalDetection","test_path_traversal","",""
"","0","test_sensitive_target_fires_critical[/../../../etc/shadow-]","tests.rules","2026-06-17","passed","2026-06-17","TestTraversalDetection","test_path_traversal","",""
"","0","test_high_fires_at_threshold[1-False]","tests.rules","2026-06-17","passed","2026-06-17","TestThreshold","test_web_brute_force","",""
"","0","test_count_equals_requests_in_window","tests.rules","2026-06-17","passed","2026-06-17","TestIncidentAttributes","test_rapid_request","",""
"","1","test_stale_failures_outside_window_not_counted","tests.rules","2026-06-17","passed","2026-06-17","TestTimeWindow","test_cross_protocol","",""
"","0","test_valid_clf_line_parses_correctly[post_login_200]","tests.parsers","2026-06-17","passed","2026-06-17","","test_web_parser","",""
"","0","test_sql_injection_no_false_positive[hyphens_in_word]","tests.rules","2026-06-17","passed","2026-06-17","","test_sql_injection","",""
"","0","test_distinct_usernames_all_listed","tests.rules","2026-06-17","passed","2026-06-17","TestUsernameDeduplication","test_user_enumeration","",""
"","0","test_filter_by_event_type","tests.rules","2026-06-17","passed","2026-06-17","TestQuery","test_ip_tracker","",""
"","0","test_fires_exactly_once_per_endpoint","tests.rules","2026-06-17","passed","2026-06-17","TestThreshold","test_rapid_request","",""
"sudo is a local operation — no remote IP is available.","0","test_source_ip_is_none","tests.rules","2026-06-17","passed","2026-06-17","TestIncidentAttributes","test_suspicious_sudo","",""
"","0","test_source_ip","tests.rules","2026-06-17","passed","2026-06-17","TestIncidentAttributes","test_user_enumeration","",""
"","0","test_fires_when_count_exceeds_threshold[3-False]","tests.rules","2026-06-17","passed","2026-06-17","TestThreshold","test_rapid_request","",""
"","1","test_malformed_line_does_not_stop_subsequent_parsing","tests.parsers","2026-06-17","passed","2026-06-17","","test_auth_parser","",""
"","0","test_severity_is_critical","tests.rules","2026-06-17","passed","2026-06-17","TestIncidentAttributes","test_suspicious_sudo","",""
"","0","test_count_equals_attempt_count","tests.rules","2026-06-17","passed","2026-06-17","TestIncidentAttributes","test_user_enumeration","",""
"The 429 case is the canonical correlation scenario (rate-limiter response).","0","test_fires_regardless_of_status_code[429]","tests.rules","2026-06-17","passed","2026-06-17","TestStatusCodeAgnostic","test_rapid_request","",""
"","0","test_sql_injection_no_false_positive[apostrophe_in_phrase]","tests.rules","2026-06-17","passed","2026-06-17","","test_sql_injection","",""
"","0","test_sql_injection_no_false_positive[drop_keyword_alone]","tests.rules","2026-06-17","passed","2026-06-17","","test_sql_injection","",""
"","0","test_events_are_ordered_by_insertion","tests.rules","2026-06-17","passed","2026-06-17","TestRecord","test_ip_tracker","",""
"","1","test_evidence_contains_decoded_target","tests.rules","2026-06-17","passed","2026-06-17","TestIncidentAttributes","test_path_traversal","",""
"","0","test_unknown_ip_returns_empty_list","tests.rules","2026-06-17","passed","2026-06-17","TestRecord","test_ip_tracker","",""
"","0","test_fires_when_count_exceeds_threshold[4-True]","tests.rules","2026-06-17","passed","2026-06-17","TestThreshold","test_rapid_request","",""
"The literal [MALFORMED ENTRY…] line from the actual log is recovered gracefully.","0","test_malformed_entry_logs_warning_and_is_skipped","tests.parsers","2026-06-17","passed","2026-06-17","","test_web_parser","",""
"","0","test_post_200_with_no_prior_failures_is_silent","tests.rules","2026-06-17","passed","2026-06-17","TestSuccessEscalation","test_web_brute_force","",""
"","0","test_rule_name_and_source_ip","tests.rules","2026-06-17","passed","2026-06-17","TestIncidentAttributes","test_web_scanner","",""
"","0","test_blank_lines_silently_skipped","tests.parsers","2026-06-17","passed","2026-06-17","","test_auth_parser","",""
"","0","test_fires_when_count_exceeds_threshold[2-False]","tests.rules","2026-06-17","passed","2026-06-17","TestThreshold","test_rapid_request","",""
"","0","test_multiple_events_accumulate_per_ip","tests.rules","2026-06-17","passed","2026-06-17","TestRecord","test_ip_tracker","",""
"","0","test_success_entries_do_not_trigger_check","tests.rules","2026-06-17","passed","2026-06-17","TestEntryGating","test_cross_protocol","",""
"
%2e%2e%2f decodes to ../ via unquote_plus — must be detected.
","0","test_percent_encoded_traversal_fires","tests.rules","2026-06-17","passed","2026-06-17","TestUrlDecoding","test_path_traversal","",""
"With a higher threshold, previously-triggering payloads may not fire.","0","test_custom_threshold_raises_bar","tests.rules","2026-06-17","passed","2026-06-17","","test_sql_injection","",""
"","0","test_non_sensitive_command_does_not_fire[/usr/bin/apt-get install nginx]","tests.rules","2026-06-17","passed","2026-06-17","TestNonSensitiveCommands","test_suspicious_sudo","",""
"","0","test_failures_older_than_window_are_not_counted","tests.rules","2026-06-17","passed","2026-06-17","TestWindow","test_ssh_brute_force","",""
"","0","test_high_fires_at_threshold[2-False]","tests.rules","2026-06-17","passed","2026-06-17","TestThreshold","test_ssh_brute_force","",""
"","0","test_high_incident_attributes","tests.rules","2026-06-17","passed","2026-06-17","TestThreshold","test_ssh_brute_force","",""
"","0","test_sql_injection_true_positive[or_tautology_200]","tests.rules","2026-06-17","passed","2026-06-17","","test_sql_injection","",""
"","0","test_fires_when_count_exceeds_threshold[8-True]","tests.rules","2026-06-17","passed","2026-06-17","TestThreshold","test_rapid_request","",""
"","0","test_only_login_paths_are_tracked[/auth-True]","tests.rules","2026-06-17","passed","2026-06-17","TestPathFiltering","test_web_brute_force","",""
"","0","test_different_ips_tracked_independently","tests.rules","2026-06-17","passed","2026-06-17","TestThreshold","test_ssh_brute_force","",""
"The 429 case is the canonical correlation scenario (rate-limiter response).","0","test_fires_regardless_of_status_code[400]","tests.rules","2026-06-17","passed","2026-06-17","TestStatusCodeAgnostic","test_rapid_request","",""
"","0","test_sensitive_target_fires_critical[/assets/../win.ini-]","tests.rules","2026-06-17","passed","2026-06-17","TestTraversalDetection","test_path_traversal","",""
"","0","test_valid_line_parses_correctly[sudo_command]","tests.parsers","2026-06-17","passed","2026-06-17","","test_auth_parser","",""
"","0","test_source_ip_propagated","tests.rules","2026-06-17","passed","2026-06-17","TestIncidentAttributes","test_path_traversal","",""
"","0","test_returns_protocols_with_at_least_one_failure","tests.rules","2026-06-17","passed","2026-06-17","TestActiveFailureProtocols","test_ip_tracker","",""
"","0","test_rule_name_and_source_ip","tests.rules","2026-06-17","passed","2026-06-17","TestIncidentAttributes","test_rapid_request","",""
"","0","test_non_post_methods_are_ignored[GET]","tests.rules","2026-06-17","passed","2026-06-17","TestMethodGating","test_rapid_request","",""
"","0","test_traversal_fires_high[/search-file=../../../../secret.txt]","tests.rules","2026-06-17","passed","2026-06-17","TestTraversalDetection","test_path_traversal","",""
"","0","test_sensitive_target_fires_critical[/static/../.ssh/id_rsa-]","tests.rules","2026-06-17","passed","2026-06-17","TestTraversalDetection","test_path_traversal","",""
"","0","test_valid_line_parses_correctly[double_digit_day]","tests.parsers","2026-06-17","passed","2026-06-17","","test_auth_parser","",""
"","0","test_sql_injection_true_positive[drop_table_stacked_200]","tests.rules","2026-06-17","passed","2026-06-17","","test_sql_injection","",""
"The 429 case is the canonical correlation scenario (rate-limiter response).","0","test_fires_regardless_of_status_code[201]","tests.rules","2026-06-17","passed","2026-06-17","TestStatusCodeAgnostic","test_rapid_request","",""
"","0","test_valid_clf_line_parses_correctly[simple_get]","tests.parsers","2026-06-17","passed","2026-06-17","","test_web_parser","",""
"","0","test_requests_outside_window_not_counted","tests.rules","2026-06-17","passed","2026-06-17","TestWindow","test_rapid_request","",""
"","0","test_sensitive_command_fires_critical[/bin/cat /etc/sudoers]","tests.rules","2026-06-17","passed","2026-06-17","TestSensitiveTargets","test_suspicious_sudo","",""
"","0","test_blank_lines_silently_skipped","tests.parsers","2026-06-17","passed","2026-06-17","","test_web_parser","",""
"","0","test_valid_line_parses_correctly[failed_password_invalid_user]","tests.parsers","2026-06-17","passed","2026-06-17","","test_auth_parser","",""
"syslog uses a leading space for single-digit days: 'Jul  3' not 'Jul 3'.","0","test_single_digit_day_with_double_space_is_parsed","tests.parsers","2026-06-17","passed","2026-06-17","","test_auth_parser","",""
"","0","test_sql_injection_true_positive[information_schema]","tests.rules","2026-06-17","passed","2026-06-17","","test_sql_injection","",""
"","0","test_per_protocol_threshold[0-5-2-False]","tests.rules","2026-06-17","passed","2026-06-17","TestThresholdEnforcement","test_cross_protocol","",""
"CRITICAL only when server returned 200; otherwise HIGH.","0","test_severity_depends_on_response_code[201-Severity.HIGH]","tests.rules","2026-06-17","passed","2026-06-17","","test_sql_injection","",""
"","0","test_only_login_paths_are_tracked[/login/reset-True]","tests.rules","2026-06-17","passed","2026-06-17","TestPathFiltering","test_web_brute_force","",""
"","0","test_fires_at_distinct_path_threshold[5-True]","tests.rules","2026-06-17","passed","2026-06-17","TestThreshold","test_web_scanner","",""
"Even a single prior failure + success counts as a brute-force success.","0","test_success_with_one_prior_failure_fires_critical","tests.rules","2026-06-17","passed","2026-06-17","TestSuccessEscalation","test_ssh_brute_force","",""
"The 429 case is the canonical correlation scenario (rate-limiter response).","0","test_fires_regardless_of_status_code[401]","tests.rules","2026-06-17","passed","2026-06-17","TestStatusCodeAgnostic","test_rapid_request","",""
"","0","test_critical_evidence_includes_failures_and_success","tests.rules","2026-06-17","passed","2026-06-17","TestSuccessEscalation","test_ssh_brute_force","",""
"","0","test_sql_injection_true_positive[exec_xp_cmdshell]","tests.rules","2026-06-17","passed","2026-06-17","","test_sql_injection","",""
"","0","test_fires_only_once_per_ip","tests.rules","2026-06-17","passed","2026-06-17","TestDeduplication","test_cross_protocol","",""
"","0","test_non_post_methods_are_ignored[PATCH]","tests.rules","2026-06-17","passed","2026-06-17","TestMethodGating","test_rapid_request","",""
"","0","test_failures_outside_window_not_counted","tests.rules","2026-06-17","passed","2026-06-17","TestThreshold","test_web_brute_force","",""
"
%252e%252e%252f: outer unquote_plus yields %2e%2e%2f, which the
regex catches as a traversal sequence — defence against double-encoding.
","0","test_double_encoded_traversal_fires","tests.rules","2026-06-17","passed","2026-06-17","TestUrlDecoding","test_path_traversal","",""
"","1","test_filter_by_protocol","tests.rules","2026-06-17","passed","2026-06-17","TestQuery","test_ip_tracker","",""
"","0","test_per_protocol_threshold[1-2-2-False]","tests.rules","2026-06-17","passed","2026-06-17","TestThresholdEnforcement","test_cross_protocol","",""
"","0","test_sql_injection_true_positive[union_select_200]","tests.rules","2026-06-17","passed","2026-06-17","","test_sql_injection","",""
"CRITICAL only when server returned 200; otherwise HIGH.","0","test_severity_depends_on_response_code[301-Severity.HIGH]","tests.rules","2026-06-17","passed","2026-06-17","","test_sql_injection","",""
"The 429 case is the canonical correlation scenario (rate-limiter response).","1","test_fires_regardless_of_status_code[500]","tests.rules","2026-06-17","passed","2026-06-17","TestStatusCodeAgnostic","test_rapid_request","",""
"","0","test_non_post_methods_are_ignored[PUT]","tests.rules","2026-06-17","passed","2026-06-17","TestMethodGating","test_rapid_request","",""
"Deduplication is per-IP; a different IP still triggers a separate incident.","0","test_second_ip_fires_independently","tests.rules","2026-06-17","passed","2026-06-17","TestDeduplication","test_cross_protocol","",""
"","0","test_sql_injection_true_positive[union_select_404]","tests.rules","2026-06-17","passed","2026-06-17","","test_sql_injection","",""
"Path with ?foo=bar correctly splits into path + query.","0","test_query_string_split_on_first_question_mark","tests.parsers","2026-06-17","passed","2026-06-17","","test_web_parser","",""
"After CRITICAL fires and buffer is cleared, new failures should trigger HIGH again.","0","test_success_clears_buffer_for_future_attacks","tests.rules","2026-06-17","passed","2026-06-17","TestSuccessEscalation","test_ssh_brute_force","",""
"","0","test_failures_are_recorded_to_tracker","tests.rules","2026-06-17","passed","2026-06-17","TestTrackerIntegration","test_ssh_brute_force","",""
"","0","test_sensitive_target_fires_critical[/search-file=../../etc/passwd]","tests.rules","2026-06-17","passed","2026-06-17","TestTraversalDetection","test_path_traversal","",""
"","0","test_multiple_malformed_lines_do_not_stop_processing","tests.parsers","2026-06-17","passed","2026-06-17","","test_web_parser","",""
"","1","test_non_post_methods_are_ignored[HEAD]","tests.rules","2026-06-17","passed","2026-06-17","TestMethodGating","test_rapid_request","",""
"","0","test_only_login_paths_are_tracked[/wp-login.php-True]","tests.rules","2026-06-17","passed","2026-06-17","TestPathFiltering","test_web_brute_force","",""
"","0","test_sql_injection_true_positive[and_tautology]","tests.rules","2026-06-17","passed","2026-06-17","","test_sql_injection","",""
"","0","test_old_events_evicted_when_new_event_arrives","tests.rules","2026-06-17","passed","2026-06-17","TestEviction","test_ip_tracker","",""
"After a CRITICAL, the failure buffer is cleared and the IP can be re-alerted.","0","test_success_clears_buffer_for_future_attacks","tests.rules","2026-06-17","passed","2026-06-17","TestSuccessEscalation","test_web_brute_force","",""
"
'/files/..' ends with '..' but has no following slash — the traversal
regex requires '../' or '..' so this does not fire.
","0","test_dotdot_without_trailing_slash_does_not_fire","tests.rules","2026-06-17","passed","2026-06-17","TestCleanPaths","test_path_traversal","",""
"","0","test_evidence_contains_raw_line","tests.rules","2026-06-17","passed","2026-06-17","TestIncidentAttributes","test_path_traversal","",""
"CRITICAL only when server returned 200; otherwise HIGH.","1","test_severity_depends_on_response_code[503-Severity.HIGH]","tests.rules","2026-06-17","passed","2026-06-17","","test_sql_injection","",""
"","0","test_fires_when_both_protocols_meet_threshold","tests.rules","2026-06-17","passed","2026-06-17","TestFiringConditions","test_cross_protocol","",""
"","0","test_sql_injection_true_positive[string_terminator_comment_403]","tests.rules","2026-06-17","passed","2026-06-17","","test_sql_injection","",""
"CRITICAL only when server returned 200; otherwise HIGH.","0","test_severity_depends_on_response_code[400-Severity.HIGH]","tests.rules","2026-06-17","passed","2026-06-17","","test_sql_injection","",""
"","0","test_sql_injection_no_false_positive[empty_value]","tests.rules","2026-06-17","passed","2026-06-17","","test_sql_injection","",""
"","0","test_fires_at_distinct_path_threshold[4-False]","tests.rules","2026-06-17","passed","2026-06-17","TestThreshold","test_web_scanner","",""
"","0","test_incident_evidence_contains_decoded_query","tests.rules","2026-06-17","passed","2026-06-17","","test_sql_injection","",""
"","1","test_valid_line_parses_correctly[accepted_password]","tests.parsers","2026-06-17","passed","2026-06-17","","test_auth_parser","",""
"CRITICAL only when server returned 200; otherwise HIGH.","0","test_severity_depends_on_response_code[404-Severity.HIGH]","tests.rules","2026-06-17","passed","2026-06-17","","test_sql_injection","",""
"","0","test_fires_at_threshold[1-False]","tests.rules","2026-06-17","passed","2026-06-17","TestThreshold","test_user_enumeration","",""
"","1","test_evidence_contains_raw_lines","tests.rules","2026-06-17","passed","2026-06-17","TestIncidentAttributes","test_web_scanner","",""
"","0","test_success_after_threshold_failures_fires_critical","tests.rules","2026-06-17","passed","2026-06-17","TestSuccessEscalation","test_ssh_brute_force","",""
"","0","test_auth_success_does_not_trigger_check","tests.rules","2026-06-17","passed","2026-06-17","TestEntryGating","test_cross_protocol","",""
"SQLInjectionRule only applies to WebEntry instances.","0","test_auth_entries_are_ignored","tests.rules","2026-06-17","passed","2026-06-17","","test_sql_injection","",""
"","1","test_paths_outside_window_not_counted","tests.rules","2026-06-17","passed","2026-06-17","TestWindow","test_web_scanner","",""
"","0","test_description_mentions_distinct_count_and_window","tests.rules","2026-06-17","passed","2026-06-17","TestIncidentAttributes","test_web_scanner","",""
"","0","test_per_protocol_threshold[2-2-2-True]","tests.rules","2026-06-17","passed","2026-06-17","TestThresholdEnforcement","test_cross_protocol","",""
"","0","test_high_fires_at_threshold[1-False]","tests.rules","2026-06-17","passed","2026-06-17","TestThreshold","test_ssh_brute_force","",""
"","0","test_severity_is_medium","tests.rules","2026-06-17","passed","2026-06-17","TestIncidentAttributes","test_user_enumeration","",""
"Custom year is applied to every parsed timestamp.","1","test_year_injected_from_constructor","tests.parsers","2026-06-17","passed","2026-06-17","","test_auth_parser","",""
"","0","test_auth_entries_are_ignored","tests.rules","2026-06-17","passed","2026-06-17","TestStateless","test_path_traversal","",""
"","0","test_sensitive_command_fires_critical[/bin/dd if=/dev/mem of=/tmp/dump]","tests.rules","2026-06-17","passed","2026-06-17","TestSensitiveTargets","test_suspicious_sudo","",""
"","0","test_no_fire_with_only_ssh_failures","tests.rules","2026-06-17","passed","2026-06-17","TestSingleProtocol","test_cross_protocol","",""
"","0","test_different_ips_tracked_independently","tests.rules","2026-06-17","passed","2026-06-17","TestThreshold","test_rapid_request","",""
"Hammering the same 404 path should not trigger the scanner rule.","0","test_repeated_same_path_does_not_count_as_distinct","tests.rules","2026-06-17","passed","2026-06-17","TestThreshold","test_web_scanner","",""
"","0","test_clean_path_does_not_fire[/search]","tests.rules","2026-06-17","passed","2026-06-17","TestCleanPaths","test_path_traversal","",""
"","0","test_web_entries_are_ignored","tests.rules","2026-06-17","passed","2026-06-17","TestEntryGating","test_suspicious_sudo","",""
"","0","test_non_sensitive_command_does_not_fire[/usr/bin/whoami]","tests.rules","2026-06-17","passed","2026-06-17","TestNonSensitiveCommands","test_suspicious_sudo","",""
"","0","test_incident_evidence_contains_score_and_signals","tests.rules","2026-06-17","passed","2026-06-17","","test_sql_injection","",""
"","1","test_only_login_paths_are_tracked[/signin-True]","tests.rules","2026-06-17","passed","2026-06-17","TestPathFiltering","test_web_brute_force","",""
"Only POST 200 constitutes a successful brute-force login; GET 200 does not.","0","test_get_200_after_failures_does_not_fire_critical","tests.rules","2026-06-17","passed","2026-06-17","TestSuccessEscalation","test_web_brute_force","",""
"Status codes other than 401 (failure) or 200 POST (success) don't affect state.","0","test_non_401_non_200_status_codes_are_ignored","tests.rules","2026-06-17","passed","2026-06-17","","test_web_brute_force","",""
"The 429 case is the canonical correlation scenario (rate-limiter response).","0","test_fires_regardless_of_status_code[503]","tests.rules","2026-06-17","passed","2026-06-17","TestStatusCodeAgnostic","test_rapid_request","",""
"","0","test_web_entry_with_no_query_is_ignored","tests.rules","2026-06-17","passed","2026-06-17","","test_sql_injection","",""
"","0","test_auth_entries_are_ignored_by_web_rule","tests.rules","2026-06-17","passed","2026-06-17","","test_web_brute_force","",""
"","0","test_incident_evidence_contains_both_protocols","tests.rules","2026-06-17","passed","2026-06-17","TestFiringConditions","test_cross_protocol","",""
"PathTraversalRule has no _alerted guard — it fires on each entry.","0","test_every_matching_entry_produces_an_incident","tests.rules","2026-06-17","passed","2026-06-17","TestStateless","test_path_traversal","",""
"","0","test_sensitive_command_fires_critical[cat /proc/1/cmdline]","tests.rules","2026-06-17","passed","2026-06-17","TestSensitiveTargets","test_suspicious_sudo","",""
"","0","test_sudo_entry_with_no_command_is_ignored","tests.rules","2026-06-17","passed","2026-06-17","TestEntryGating","test_suspicious_sudo","",""
"","0","test_attempts_within_window_all_counted","tests.rules","2026-06-17","passed","2026-06-17","TestWindow","test_user_enumeration","",""
"","0","test_only_post_triggers","tests.rules","2026-06-17","passed","2026-06-17","TestMethodGating","test_rapid_request","",""
"","0","test_ignores_success_events","tests.rules","2026-06-17","passed","2026-06-17","TestActiveFailureProtocols","test_ip_tracker","",""
"","0","test_traversal_fires_high[/static/../../config.yaml-]","tests.rules","2026-06-17","passed","2026-06-17","TestTraversalDetection","test_path_traversal","",""
"","0","test_high_fires_at_threshold[5-True]","tests.rules","2026-06-17","passed","2026-06-17","TestThreshold","test_ssh_brute_force","",""
"entry.raw must equal the original unmodified log line.","0","test_raw_line_preserved_on_entry","tests.parsers","2026-06-17","passed","2026-06-17","","test_web_parser","",""
"","0","test_different_ips_tracked_independently","tests.rules","2026-06-17","passed","2026-06-17","TestThreshold","test_user_enumeration","",""
"The same invalid username tried twice should appear once in the incident.","1","test_repeated_username_listed_once","tests.rules","2026-06-17","passed","2026-06-17","TestUsernameDeduplication","test_user_enumeration","",""
"","0","test_incident_source_ip_matches_attacker","tests.rules","2026-06-17","passed","2026-06-17","TestFiringConditions","test_cross_protocol","",""
"","0","test_evidence_contains_matched_targets","tests.rules","2026-06-17","passed","2026-06-17","TestIncidentAttributes","test_suspicious_sudo","",""
"","0","test_paths_within_window_all_counted","tests.rules","2026-06-17","passed","2026-06-17","TestWindow","test_web_scanner","",""
"","0","test_sql_injection_no_false_positive[url_encoded_safe]","tests.rules","2026-06-17","passed","2026-06-17","","test_sql_injection","",""
"","0","test_per_protocol_threshold[5-0-2-False]","tests.rules","2026-06-17","passed","2026-06-17","TestThresholdEnforcement","test_cross_protocol","",""
"No signal should fire on an apostrophe in a name with no SQL structure.","0","test_obrien_scores_exactly_zero","tests.rules","2026-06-17","passed","2026-06-17","","test_sql_injection","",""
"","0","test_only_login_paths_are_tracked[/session-True]","tests.rules","2026-06-17","passed","2026-06-17","TestPathFiltering","test_web_brute_force","",""
"","0","test_multiple_matched_targets_appear_in_evidence","tests.rules","2026-06-17","passed","2026-06-17","TestSensitiveTargets","test_suspicious_sudo","",""
"","0","test_fires_exactly_once_per_ip","tests.rules","2026-06-17","passed","2026-06-17","TestThreshold","test_user_enumeration","",""
"","1","test_high_fires_at_threshold[3-True]","tests.rules","2026-06-17","passed","2026-06-17","TestThreshold","test_web_brute_force","",""
"","0","test_sql_injection_no_false_positive[name_obrien_possessive]","tests.rules","2026-06-17","passed","2026-06-17","","test_sql_injection","",""
"","0","test_non_403_404_codes_are_ignored[401]","tests.rules","2026-06-17","passed","2026-06-17","TestStatusCodeGating","test_web_scanner","",""
"","0","test_success_is_recorded_to_tracker","tests.rules","2026-06-17","passed","2026-06-17","TestTrackerIntegration","test_ssh_brute_force","",""
"CRITICAL only when server returned 200; otherwise HIGH.","1","test_severity_depends_on_response_code[403-Severity.HIGH]","tests.rules","2026-06-17","passed","2026-06-17","","test_sql_injection","",""
"A single entry matching two targets still yields exactly one incident.","1","test_command_with_multiple_sensitive_targets_fires_once","tests.rules","2026-06-17","passed","2026-06-17","TestSensitiveTargets","test_suspicious_sudo","",""
"","0","test_traversal_fires_high[/img/..\\..\\.\\windows-]","tests.rules","2026-06-17","passed","2026-06-17","TestTraversalDetection","test_path_traversal","",""
"The 429 case is the canonical correlation scenario (rate-limiter response).","0","test_fires_regardless_of_status_code[200]","tests.rules","2026-06-17","passed","2026-06-17","TestStatusCodeAgnostic","test_rapid_request","",""
"","0","test_description_mentions_path_and_window","tests.rules","2026-06-17","passed","2026-06-17","TestIncidentAttributes","test_rapid_request","",""
"","0","test_valid_clf_line_parses_correctly[get_with_query_string]","tests.parsers","2026-06-17","passed","2026-06-17","","test_web_parser","",""
"","0","test_auth_entries_are_ignored","tests.rules","2026-06-17","passed","2026-06-17","","test_rapid_request","",""
"","0","test_sql_injection_no_false_positive[name_mcdonalds]","tests.rules","2026-06-17","passed","2026-06-17","","test_sql_injection","",""
"","0","test_non_403_404_codes_are_ignored[503]","tests.rules","2026-06-17","passed","2026-06-17","TestStatusCodeGating","test_web_scanner","",""
"","1","test_rule_name","tests.rules","2026-06-17","passed","2026-06-17","TestIncidentAttributes","test_suspicious_sudo","",""
"","0","test_sensitive_command_fires_critical[/bin/cat /etc/shadow]","tests.rules","2026-06-17","passed","2026-06-17","TestSensitiveTargets","test_suspicious_sudo","",""
"","0","test_sql_injection_true_positive[plus_encoded_union_select]","tests.rules","2026-06-17","passed","2026-06-17","","test_sql_injection","",""
"Events for one IP don't fire for a different attacking IP.","0","test_different_ip_in_tracker_does_not_trigger","tests.rules","2026-06-17","passed","2026-06-17","TestEntryGating","test_cross_protocol","",""
"","0","test_sql_injection_no_false_positive[plus_encoded_safe]","tests.rules","2026-06-17","passed","2026-06-17","","test_sql_injection","",""
"","0","test_excludes_protocols_outside_window","tests.rules","2026-06-17","passed","2026-06-17","TestActiveFailureProtocols","test_ip_tracker","",""
"","0","test_sensitive_target_fires_critical[/../../../etc/passwd-]","tests.rules","2026-06-17","passed","2026-06-17","TestTraversalDetection","test_path_traversal","",""
"","1","test_valid_line_parses_correctly[connection_closed]","tests.parsers","2026-06-17","passed","2026-06-17","","test_auth_parser","",""
"","0","test_sql_injection_no_false_positive[plain_english_word]","tests.rules","2026-06-17","passed","2026-06-17","","test_sql_injection","",""
"","0","test_accepted_password_entry_is_ignored","tests.rules","2026-06-17","passed","2026-06-17","TestEntryGating","test_user_enumeration","",""
"","0","test_sql_injection_no_false_positive[no_query_string]","tests.rules","2026-06-17","passed","2026-06-17","","test_sql_injection","",""
"","1","test_traversal_fires_high[/files/../../../var/log/syslog-]","tests.rules","2026-06-17","passed","2026-06-17","TestTraversalDetection","test_path_traversal","",""
"CRITICAL only when server returned 200; otherwise HIGH.","0","test_severity_depends_on_response_code[500-Severity.HIGH]","tests.rules","2026-06-17","passed","2026-06-17","","test_sql_injection","",""
"
_handle_success does NOT evict the buffer — it checks only whether the deque
is non-empty.  Any prior failure from the same IP triggers a CRITICAL, even if
the failures occurred before the current sliding window.  This is a deliberate
design trade-off: suspicious logins are never silently dropped.
","0","test_success_fires_critical_even_when_failures_outside_window","tests.rules","2026-06-17","passed","2026-06-17","TestSuccessEscalation","test_ssh_brute_force","",""
"","0","test_high_fires_exactly_once_per_ip","tests.rules","2026-06-17","passed","2026-06-17","TestThreshold","test_web_brute_force","",""
"","1","test_per_protocol_threshold[3-3-2-True]","tests.rules","2026-06-17","passed","2026-06-17","TestThresholdEnforcement","test_cross_protocol","",""
"","0","test_sensitive_command_fires_critical[/usr/bin/cp /home/user/.ssh/id_rsa /tmp/key]","tests.rules","2026-06-17","passed","2026-06-17","TestSensitiveTargets","test_suspicious_sudo","",""
"","0","test_valid_clf_line_parses_correctly[wp_login_404]","tests.parsers","2026-06-17","passed","2026-06-17","","test_web_parser","",""
"","0","test_fires_at_threshold[4-True]","tests.rules","2026-06-17","passed","2026-06-17","TestThreshold","test_user_enumeration","",""
"","0","test_clean_path_does_not_fire[/static/style.css]","tests.rules","2026-06-17","passed","2026-06-17","TestCleanPaths","test_path_traversal","",""
"","0","test_non_sensitive_command_does_not_fire[/bin/systemctl restart nginx]","tests.rules","2026-06-17","passed","2026-06-17","TestNonSensitiveCommands","test_suspicious_sudo","",""
"","0","test_fires_exactly_once_per_ip","tests.rules","2026-06-17","passed","2026-06-17","TestThreshold","test_web_scanner","",""
"","0","test_clean_path_does_not_fire[/files/report.pdf]","tests.rules","2026-06-17","passed","2026-06-17","TestCleanPaths","test_path_traversal","",""
"","0","test_rule_without_tracker_still_detects","tests.rules","2026-06-17","passed","2026-06-17","TestTrackerIntegration","test_ssh_brute_force","",""
"","0","test_events_for_different_ips_are_isolated","tests.rules","2026-06-17","passed","2026-06-17","TestRecord","test_ip_tracker","",""
"Timezone info must be stripped so auth.log and web timestamps are comparable.","0","test_timestamp_is_naive_datetime","tests.parsers","2026-06-17","passed","2026-06-17","","test_web_parser","",""
"","1","test_web_get_entry_is_ignored","tests.rules","2026-06-17","passed","2026-06-17","","test_rapid_request","",""
"","0","test_failures_within_window_all_counted","tests.rules","2026-06-17","passed","2026-06-17","TestWindow","test_ssh_brute_force","",""
"","0","test_evidence_contains_raw_lines","tests.rules","2026-06-17","passed","2026-06-17","TestIncidentAttributes","test_rapid_request","",""
"Requests to /api/a and /api/b each have their own counter.","0","test_different_paths_do_not_pool_together","tests.rules","2026-06-17","passed","2026-06-17","TestEndpointIsolation","test_rapid_request","",""
"","0","test_sql_injection_true_positive[drop_table_stacked_500]","tests.rules","2026-06-17","passed","2026-06-17","","test_sql_injection","",""
"","0","test_incident_description_names_both_protocols","tests.rules","2026-06-17","passed","2026-06-17","TestFiringConditions","test_cross_protocol","",""
"","0","test_non_sudo_auth_entry_is_ignored","tests.rules","2026-06-17","passed","2026-06-17","TestEntryGating","test_suspicious_sudo","",""
"","0","test_only_login_paths_are_tracked[/index.html-False]","tests.rules","2026-06-17","passed","2026-06-17","TestPathFiltering","test_web_brute_force","",""
"","1","test_per_protocol_threshold[2-2-3-False]","tests.rules","2026-06-17","passed","2026-06-17","TestThresholdEnforcement","test_cross_protocol","",""
"","0","test_count_reflects_distinct_paths","tests.rules","2026-06-17","passed","2026-06-17","TestIncidentAttributes","test_web_scanner","",""
"","0","test_stored_event_is_retrievable","tests.rules","2026-06-17","passed","2026-06-17","TestRecord","test_ip_tracker","",""
"","0","test_high_fires_at_threshold[3-True]","tests.rules","2026-06-17","passed","2026-06-17","TestThreshold","test_ssh_brute_force","",""
"","0","test_sql_injection_no_false_positive[select_keyword_alone]","tests.rules","2026-06-17","passed","2026-06-17","","test_sql_injection","",""
"","0","test_only_login_paths_are_tracked[/login-True]","tests.rules","2026-06-17","passed","2026-06-17","TestPathFiltering","test_web_brute_force","",""
"","0","test_window_seconds_excludes_older_events","tests.rules","2026-06-17","passed","2026-06-17","TestQuery","test_ip_tracker","",""
"Only entries with is_invalid_user=True are counted.","0","test_valid_user_auth_failure_is_ignored","tests.rules","2026-06-17","passed","2026-06-17","TestEntryGating","test_user_enumeration","",""
"","0","test_sensitive_target_fires_critical[/files/../../boot.ini-]","tests.rules","2026-06-17","passed","2026-06-17","TestTraversalDetection","test_path_traversal","",""
"","0","test_events_within_ttl_are_retained","tests.rules","2026-06-17","passed","2026-06-17","TestEviction","test_ip_tracker","",""
"","0","test_non_sensitive_command_does_not_fire[/bin/ls /var/log]","tests.rules","2026-06-17","passed","2026-06-17","TestNonSensitiveCommands","test_suspicious_sudo","",""
"","1","test_non_post_methods_are_ignored[DELETE]","tests.rules","2026-06-17","passed","2026-06-17","TestMethodGating","test_rapid_request","",""
